meanssf0RKid;sdssf0RKid;entropyssf0RKid;mppssf0RKid;skewnessssf0RKid;kurtosisssf0RKid;meanssf2RKid;sdssf2RKid;entropyssf2RKid;mppssf2RKid;skewnessssf2RKid;kurtosisssf2RKid;meanssf3RKid;sdssf3RKid;entropyssf3RKid;mppssf3RKid;skewnessssf3RKid;kurtosisssf3RKid;meanssf4RKid;sdssf4RKid;entropyssf4RKid;mppssf4RKid;skewnessssf4RKid;kurtosisssf4RKid;meanssf5RKid;sdssf5RKid;entropyssf5RKid;mppssf5RKid;skewnessssf5RKid;kurtosisssf5RKid;meanssf6RKid;sdssf6RKid;entropyssf6RKid;mppssf6RKid;skewnessssf6RKid;kurtosisssf6RKid;meanssf0LKid;sdssf0LKid;entropyssf0LKid;mppssf0LKid;skewnessssf0LKid;kurtosisssf0LKid;meanssf2LKid;sdssf2LKid;entropyssf2LKid;mppssf2LKid;skewnessssf2LKid;kurtosisssf2LKid;meanssf3LKid;sdssf3LKid;entropyssf3LKid;mppssf3LKid;skewnessssf3LKid;kurtosisssf3LKid;meanssf4LKid;sdssf4LKid;entropyssf4LKid;mppssf4LKid;skewnessssf4LKid;kurtosisssf4LKid;meanssf5LKid;sdssf5LKid;entropyssf5LKid;mppssf5LKid;skewnessssf5LKid;kurtosisssf5LKid;meanssf6LKid;sdssf6LKid;entropyssf6LKid;mppssf6LKid;skewnessssf6LKid;kurtosisssf6LKid;meanssf0Foie;sdssf0Foie;entropyssf0Foie;mppssf0Foie;skewnessssf0Foie;kurtosisssf0Foie;meanssf2Foie;sdssf2Foie;entropyssf2Foie;mppssf2Foie;skewnessssf2Foie;kurtosisssf2Foie;meanssf3Foie;sdssf3Foie;entropyssf3Foie;mppssf3Foie;skewnessssf3Foie;kurtosisssf3Foie;meanssf4Foie;sdssf4Foie;entropyssf4Foie;mppssf4Foie;skewnessssf4Foie;kurtosisssf4Foie;meanssf5Foie;sdssf5Foie;entropyssf5Foie;mppssf5Foie;skewnessssf5Foie;kurtosisssf5Foie;meanssf6Foie;sdssf6Foie;entropyssf6Foie;mppssf6Foie;skewnessssf6Foie;kurtosisssf6Foie
132,98;31,32;4,77;133,49;0,87;3,47;3,52;64,36;5,49;50,97;0,22;0,69;7,12;51,28;5,26;41,58;0,30;0,25;7,19;45,96;5,15;37,06;0,38;0,59;8,58;41,94;5,05;34,72;0,38;0,62;7,77;36,79;4,91;29,53;0,30;0,34;139,43;37,93;4,92;140,69;1,13;3,61;1,42;73,21;5,58;55,93;0,42;1,42;6,79;58,28;5,34;47,73;0,43;1,17;7,04;56,26;5,24;41,19;0,99;3,42;13,07;47,92;5,06;38,05;0,93;6,55;13,88;44,52;4,99;37,07;1,28;9,57;80,48;26,53;4,69;80,62;0,05;0,17;0,11;59,61;5,49;47,64;0,12;0,42;0,10;41,14;5,10;32,62;0,48;1,60;0,21;32,75;4,85;25,60;0,78;2,87;0,39;28,09;4,68;22,43;1,05;3,67;0,42;24,39;4,53;20,28;1,18;3,97
130,51;42,65;4,98;131,14;1,05;0,77;40,94;106,45;5,97;98,55;0,37;0,36;64,90;134,96;6,20;134,20;0,21;0,17;86,27;159,38;6,36;171,68;0,10;0,55;104,95;177,59;6,45;194,51;0,00;0,59;120,35;190,66;6,52;209,92;0,12;0,46;133,78;39,17;4,86;134,55;1,16;1,29;46,77;105,11;5,89;101,15;0,63;0,50;77,65;142,56;6,18;151,14;0,43;0,41;106,51;172,05;6,33;190,13;0,34;0,77;131,99;188,51;6,40;215,13;0,30;0,87;152,52;193,89;6,45;228,68;0,25;0,85;104,46;15,27;4,11;104,46;0,01;2,12;6,83;61,29;5,17;39,30;7,64;120,37;15,89;87,60;5,16;49,62;7,96;91,69;27,04;116,46;5,27;64,70;6,31;51,73;38,58;140,67;5,41;81,91;5,28;34,44;49,58;157,10;5,55;96,15;4,53;24,65
94,39;36,12;4,91;95,95;0,40;0,52;7,69;75,05;5,55;61,25;0,16;0,52;10,92;64,11;5,38;59,58;0,18;0,34;9,10;60,35;5,31;57,50;0,17;0,84;6,74;57,17;5,25;51,21;0,01;0,94;2,64;55,59;5,19;45,90;0,14;0,96;97,33;42,26;5,03;99,68;0,43;0,77;8,80;99,07;5,71;80,16;0,33;0,44;0,56;80,70;5,53;67,57;0,22;0,43;0,76;72,53;5,40;67,63;0,42;0,20;3,07;65,53;5,32;60,04;0,47;0,34;15,45;56,49;5,12;45,97;0,72;0,03;105,54;37,30;4,99;107,29;0,62;2,56;0,20;81,95;5,76;61,14;0,22;2,30;1,17;71,38;5,52;49,46;0,44;5,68;1,12;69,58;5,38;44,06;0,56;7,67;1,12;67,80;5,30;40,89;0,49;8,40;2,15;64,25;5,24;39,69;0,30;7,36
91,95;27,49;4,67;92,19;0,61;0,39;22,98;79,53;5,67;70,36;0,63;1,02;34,57;92,76;5,82;85,96;0,42;0,35;41,90;101,40;5,93;97,89;0,21;0,09;45,41;104,86;5,95;102,61;0,03;0,05;46,68;106,81;5,98;102,90;0,28;0,22;86,25;27,76;4,64;86,93;0,84;0,72;37,69;80,06;5,69;79,88;0,47;0,22;59,34;102,56;5,93;109,74;0,28;0,31;77,55;116,99;6,04;133,17;0,20;0,55;93,18;121,56;6,08;145,35;0,13;0,71;107,46;121,63;6,08;153,85;0,01;0,84;78,56;18,40;4,32;78,56;0,03;0,64;2,32;50,07;5,26;37,40;0,77;6,96;5,74;54,60;5,11;35,17;1,01;32,47;11,56;77,44;5,12;42,26;4,98;64,28;19,53;105,94;5,18;55,33;6,26;62,78;29,24;132,86;5,26;69,94;6,36;55,18
64,14;33,96;4,89;65,22;0,21;0,32;36,12;99,05;5,93;94,88;0,02;0,22;48,35;96,60;5,91;98,24;0,08;0,22;57,85;94,98;5,87;99,28;0,02;0,05;65,86;92,46;5,83;100,91;0,19;0,48;72,96;89,82;5,78;100,25;0,46;1,32;69,00;36,37;4,95;70,05;0,15;0,44;35,84;96,15;5,88;91,37;0,11;0,33;46,81;101,16;5,92;99,94;0,04;0,43;56,03;104,55;5,96;105,13;0,14;0,19;63,73;106,36;5,98;111,09;0,07;0,06;69,98;107,19;5,98;118,92;0,07;0,27;69,95;32,90;4,90;70,62;0,11;0,25;5,23;72,45;5,69;59,04;0,16;1,71;6,11;55,37;5,38;43,93;0,88;8,36;8,14;49,14;5,22;38,32;1,24;10,80;10,29;47,44;5,17;37,23;1,02;7,32;12,31;47,18;5,17;37,52;0,78;4,55
135,05;40,83;5,07;135,4;0,19;0,36;2,94;95,26;5,81;76,46;0,13;0,28;12,59;82,31;5,67;69,97;0,22;0,19;14,56;75,06;5,58;65,24;0,06;0,37;23,49;63,88;5,37;59,15;0,1;0,01;23,09;51;5,17;47,69;0,25;0,41;123,73;41,6;5,07;124,59;0,33;2,36;1,98;90,95;5,79;71,4;0,04;0,78;12,74;74,4;5,61;65,29;0,01;0,09;15,59;70,54;5,56;64,51;0,21;0,47;25,89;65,32;5,44;67,63;0,37;0,45;25,37;59,59;5,34;63,84;0,41;0,39;96,93;28,17;4,75;97,01;0,1;0,5;0,17;64,94;5,57;51,18;0,15;0,62;0,03;49,45;5,29;39,38;0,39;1,14;0,15;40,01;5,06;32,1;0,57;1,81;0,03;34,17;4,86;26,88;0,72;2,96;0,12;30,62;4,72;23,05;0,68;4,52
97,89;37,78;4,99;98,64;0,42;0,03;54,56;117,02;6,06;118,51;0,59;0,22;80,56;135,08;6,18;145,75;0,39;0,13;104,62;146,04;6,27;167,56;0,20;0,31;125,06;150,23;6,30;181,23;0,01;0,21;141,95;153,93;6,34;193,29;0,25;0,08;102,41;40,52;5,04;103,46;0,51;0,00;60,91;117,48;6,04;121,04;0,48;0,11;97,96;133,70;6,16;152,08;0,20;0,46;131,86;140,68;6,20;180,18;0,10;0,61;162,07;145,49;6,21;206,22;0,35;0,57;189,50;152,76;6,26;229,16;0,45;0,48;92,99;21,68;4,46;93,10;0,46;1,75;12,06;64,25;5,43;51,61;0,64;6,64;18,27;72,57;5,37;54,36;0,27;10,67;23,92;81,01;5,39;59,85;0,35;7,64;29,62;87,58;5,47;66,96;0,75;5,19;35,82;93,12;5,54;74,40;1,25;5,65
206,17;67,27;5,35;206,61;0,93;0,05;66,90;179,31;6,42;168,08;0,17;0,16;118,47;225,78;6,62;237,23;0,08;0,74;166,00;253,46;6,70;291,29;0,30;0,57;206,87;269,59;6,74;323,95;0,41;0,41;240,40;279,41;6,77;344,39;0,50;0,14;221,24;65,21;5,32;221,45;1,08;0,49;104,01;191,46;6,43;184,03;0,51;0,30;162,71;235,07;6,65;260,76;0,22;0,24;212,12;250,75;6,69;308,90;0,18;0,10;254,97;249,57;6,67;332,27;0,07;0,29;292,73;244,71;6,62;351,25;0,25;0,71;122,76;20,57;4,41;122,78;0,08;2,26;10,44;94,75;5,37;54,38;7,37;85,30;30,99;162,56;5,38;80,66;6,95;56,60;56,61;220,69;5,50;112,19;5,44;32,18;83,77;270,42;5,63;146,85;4,40;19,95;111,11;314,33;5,77;179,62;3,73;13,70
98,78;28,18;4,72;98,85;0,16;0,15;0,69;57,94;5,40;46,09;0,16;0,22;2,71;40,64;5,05;32,27;0,33;0,28;3,06;36,51;4,89;28,43;0,57;0,47;3,07;35,36;4,82;27,49;0,62;0,48;3,15;32,90;4,78;25,05;0,62;0,27;99,85;32,82;4,83;100,99;0,61;1,31;2,69;70,83;5,55;53,54;0,53;0,53;4,22;67,69;5,37;45,40;1,23;4,31;3,03;71,76;5,27;41,44;1,45;7,09;1,69;76,37;5,20;37,21;1,55;6,28;3,10;73,54;5,17;34,95;1,59;5,21;73,69;26,69;4,70;74,00;0,03;0,23;0,36;55,51;5,42;44,09;0,20;0,56;0,75;38,96;5,04;31,03;0,60;1,86;1,04;30,91;4,77;23,93;0,97;3,80;1,20;26,19;4,57;20,35;1,33;5,72;1,32;22,75;4,41;18,01;1,52;6,41
93,00;41,66;5,07;93,70;0,24;0,75;69,08;129,76;6,15;132,91;0,49;0,00;100,93;160,86;6,36;179,06;0,30;0,71;127,51;176,60;6,44;209,38;0,15;0,88;150,39;182,31;6,45;227,94;0,03;0,94;170,94;186,93;6,46;248,00;0,23;0,95;102,35;41,81;5,09;102,96;0,32;0,44;75,81;142,03;6,20;146,17;0,74;0,27;113,10;172,94;6,41;194,24;0,31;0,64;145,10;184,75;6,48;223,17;0,01;0,87;173,30;187,63;6,47;242,49;0,12;0,89;199,18;189,53;6,47;260,88;0,24;0,83;78,51;22,88;4,54;78,63;0,21;0,39;6,01;66,05;5,43;46,86;2,49;33,26;8,13;69,97;5,32;44,38;3,17;35,35;9,82;74,29;5,30;44,90;2,65;25,20;11,66;77,96;5,33;47,42;1,93;16,43;14,15;79,94;5,39;50,09;1,13;10,54
100,86;35,80;4,94;101,27;0,23;0,04;36,76;107,76;5,97;99,59;0,13;0,32;61,38;116,79;6,05;119,14;0,17;0,01;87,80;122,73;6,09;139,34;0,19;0,31;111,38;120,56;6,07;146,55;0,20;0,18;128,68;116,11;6,02;153,62;0,22;0,13;98,62;35,96;4,96;99,02;0,18;0,05;55,85;106,44;5,93;107,42;0,69;0,48;91,11;118,29;6,01;130,53;0,54;0,32;125,70;129,98;6,12;160,88;0,33;0,69;158,50;137,74;6,18;187,31;0,11;0,89;188,55;144,49;6,19;213,06;0,06;0,98;73,09;38,78;5,07;75,79;0,02;0,98;0,22;86,22;5,86;67,55;0,09;0,23;0,19;67,61;5,62;52,42;0,05;0,90;0,62;57,36;5,43;43,24;0,00;1,82;0,53;51,74;5,30;38,33;0,04;2,41;0,81;48,30;5,20;35,22;0,08;3,17
136,24;36,7;4,86;136,52;0,88;0,69;8,54;93,54;5,66;66,43;0,93;0,83;22,41;95,4;5,59;77,65;0,91;0,3;22,13;92,98;5,57;77,2;0,79;0,12;26,5;74,03;5,37;68,32;0,57;0,1;20,75;61,61;5,26;56,69;0,29;0,11;123,54;37,12;4,93;123,54;0,25;0,73;6,58;80,21;5,64;61,19;0,14;0,56;4,89;97,94;5,77;76,47;0,28;0,44;3,4;106,83;5,82;85,83;0,36;0,88;7,56;102,08;5,73;74,75;0,37;0,9;10,06;97,46;5,73;67,23;0,43;0,83;82,95;18,72;4,34;82,95;0,21;0,22;0,64;43,38;5,17;33,94;0,19;0,95;0,82;36,95;5,01;29,83;0,27;0,57;1,34;33,66;4,91;27,6;0,34;0,52;1,69;32,11;4,86;25,89;0,34;0,52;2,08;31,93;4,86;25,51;0,28;0,29
131,74;18,54;4,25;131,74;0,69;3,73;0,9;44,33;5,05;31,64;0,6;3,84;1,77;43,69;5;32,1;0,27;3,16;2,31;42,3;5,01;33,03;0,42;1,79;4,09;42,28;5,03;34,59;0,23;0,44;4,76;39,38;4,95;31,4;0,04;0,12;120,93;19,24;4,31;120,93;0,25;1,79;1,3;42,7;5,06;34,17;0,12;0,73;0,4;37,04;4,9;29,42;0,09;0,76;1,36;33,55;4,82;26,08;0,06;0,48;3,26;31,37;4,7;20,77;0,32;0,02;2,94;31,03;4,72;21,3;0,37;0,57;93,7;17;4,19;93,83;0,04;5,95;0,27;40,05;5,04;30,17;0,7;4,91;0,52;33,47;4,82;25,6;1,38;7,13;0,55;29,48;4,67;22,49;1,4;6,57;0,91;26,13;4,54;20,15;1,48;5,81;0,88;23,52;4,44;18,02;1,42;5,2
218,98;42,93;4,99;218,98;0,73;0,25;4,11;90,54;5,76;67,65;0,47;0,15;3,58;111,26;5,87;73,58;0,59;0,17;7,23;122,81;5,89;74,11;0,71;0,19;16,96;123,98;5,8;71,59;0,73;0,41;16,79;116,82;5,76;70,72;0,73;0,57;169;72,97;5,4;174,01;0,85;0,02;17,02;168,62;6,13;131,56;0,66;0,11;42,26;199,8;6,12;174,24;0,71;0,06;43,1;204,87;6,07;176,5;0,78;0,11;32,98;183,83;5,89;152,09;0,77;0,17;27,5;151,9;5,85;124,5;0,55;0,42;114,93;18,16;4,29;114,93;0,34;1,46;0,24;43,43;5,15;33,7;0,29;1,33;0,36;38,21;4,96;29,65;1,14;4,62;0,5;34,41;4,79;26,81;1,88;8,7;0,17;32,33;4,67;24,87;2,31;10,99;0,08;30,69;4,61;23,44;2,3;10,89
89,63;44,97;5,14;91,9;0,04;0,02;1,04;100,7;5,81;80,74;0,07;0,14;7,43;90,27;5,68;65,36;0,36;0,23;8,48;87,76;5,63;63,52;0,41;0,03;8,92;82,23;5,56;61,17;0,17;0,58;6,25;73,84;5,47;58,23;0,08;0,64;89,43;47,36;5,16;93,63;0,17;0,24;2,56;137,72;5,91;110,67;0,02;0,13;14,45;120;5,76;89,07;0,17;0,33;17,69;97,33;5,59;70,42;0,15;0,13;23,38;79,24;5,31;65,18;0,27;0,17;17,62;68,58;5,22;59,5;0,32;0;73,34;36,21;5;75,53;0,05;0,25;0,13;84,53;5,83;67,54;0,08;0,36;0,02;68,4;5,61;54,51;0,18;0,9;0,34;59,02;5,45;45,47;0,15;1,44;0,05;51,49;5,31;38,63;0,09;1,63;0,36;43,82;5,15;32,3;0,04;1,55
147,47;54,25;5,27;147,47;0,06;0,87;5,84;144,73;5,93;131,76;0,2;0,85;8,12;170,32;6,01;146,78;0,08;1,2;13,19;172,89;5,79;139,82;0,08;1,23;12,3;153,07;5,73;115,27;0,28;1,07;1,36;120,18;5,24;89,19;0,55;0,68;154,92;56,82;5,32;155,68;0,41;0,51;2,65;136,16;6,05;110,5;0,09;0,38;5,16;151,53;6,08;124,56;0,33;0,93;3,05;146,17;6,02;124;0,24;0,99;2,59;141,81;6,02;114,36;0,25;0,87;9,66;134,45;5,92;101,11;0,19;0,81;111,51;27,99;4,73;111,52;0,25;0,95;0,01;57,9;5,42;45,52;0,74;3,09;0,06;44,79;5,1;34,86;1,74;10,11;0;39,19;4,94;30,57;2,05;12,31;0,07;34,87;4,82;26,66;1,97;10,92;0,01;31,36;4,72;24,13;1,81;8,85
114,91;29,59;4,49;117,11;2,65;13,7;7,63;69,03;5,36;51,17;1,42;8,37;16,49;52,72;5,18;48,87;0,14;0,6;16,59;49,37;5,12;46,46;0,08;0,14;20,05;40,68;4,85;43,58;0,11;0,94;16,53;33,7;4,7;35,57;0,14;0,95;107,08;24,52;4,55;107,15;0,54;0,93;3,37;54,73;5,31;42,87;0,13;0,12;2,01;52,87;5,21;38,15;0,77;0,85;2,17;55,17;5,15;37,63;1,23;1,86;0,64;53,76;5,02;31,57;1,59;2,83;1,32;49,42;4,87;27,56;1,7;2,94;89,64;17,98;4,28;89,65;0,45;1,86;0,09;44,71;5,17;34,23;0,39;3,02;0,11;38,16;4,94;28,63;1,19;7,73;0,09;34,28;4,8;25,65;1,61;9,55;0,22;31,46;4,7;23,36;1,75;8,82;0,21;28,75;4,62;21,9;1,71;7,46
189,37;29,6;4,73;189,37;0,37;0,14;4,77;81,42;5,61;59,79;0,32;0,1;20,13;80,97;5,55;60,64;0,04;0,55;19,64;77,24;5,49;53,25;0,09;0,63;21,34;70,8;5,3;49,61;0,23;0,62;15,77;63,54;5,26;47,68;0,15;0,76;191,83;35,12;4,78;191,83;1,14;3,18;2,75;90,62;5,57;67,32;0,49;1,11;15,9;83,42;5,4;56,59;0,4;0,53;17,23;80,72;5,36;55,96;0,27;0,69;21,25;81,82;5,23;64,51;0,12;0,8;16,8;75,67;5,14;59,78;0,1;0,71;114,88;18,61;4,31;114,89;0,09;1,78;0,07;46,57;5,19;35,11;0,05;3,34;0,23;43,69;5,08;31,73;0,07;5,44;0,43;39,73;4,99;29,09;0,03;4,93;0,37;36,52;4,93;26,82;0,13;3,42;0,17;32,53;4,84;24,76;0,13;2,23
84,72;25,59;4,60;85,10;0,64;0,94;43,02;85,14;5,75;85,86;0,71;0,50;71,43;98,07;5,83;106,96;0,67;0,13;97,77;104,17;5,88;121,55;0,51;0,58;121,25;104,95;5,88;134,75;0,39;0,66;142,20;105,82;5,90;151,32;0,28;0,43;88,44;29,07;4,65;89,16;0,97;1,27;58,85;98,19;5,85;102,14;0,72;0,46;89,68;110,89;5,98;130,14;0,44;0,36;119,20;120,17;6,08;156,11;0,08;0,32;146,90;126,72;6,13;178,00;0,35;0,22;172,61;136,00;6,16;200,22;0,76;1,00;87,50;19,75;4,39;87,52;0,25;0,54;5,17;48,65;5,26;39,37;0,56;2,47;9,40;49,18;5,12;37,62;0,06;18,46;13,15;58,31;5,07;39,44;2,48;42,18;16,61;66,57;5,06;42,06;3,23;39,97;20,17;70,45;5,09;44,29;2,83;28,37
91,58;30,44;4,79;91,68;0,17;0,08;2;67,44;5,47;49,86;0,45;0,45;1,11;58,15;5,31;44,54;0,49;0,52;0,37;54,83;5,26;43,24;0,3;0,62;4,37;53,76;5,18;41,85;0,21;1;5,63;56,03;5,24;40,14;0,43;0,59;91,07;30,74;4,79;91,57;0,17;0,3;3,26;67,34;5,51;53,85;0,05;0,02;3,55;53,95;5,28;45,72;0,23;0,12;3,61;52,58;5,26;42,74;0,35;0,33;1,53;52,29;5,22;39,9;0,22;0,45;0,07;49,92;5,16;37,36;0,08;0,49;92,88;22,44;4,52;92,89;0,17;0,31;0,02;46,71;5,25;36,21;0,01;0,53;0,25;35,89;4,98;27,44;0,07;0,69;0,17;30,46;4,8;22,34;0,43;1,45;0,34;27,13;4,66;19,29;0,74;2,36;0,3;26,06;4,6;17,81;0,94;2,88
61,73;18,92;4,29;61,83;0,19;0,33;3,92;47,03;5,02;38,26;0,15;0,26;0,06;43,23;4,75;34,91;0,06;0,58;2,18;34,69;4,64;28,14;0,33;0,47;3,41;27,57;4,4;22,99;0,62;0,2;14,5;13,59;3,56;13,3;1,1;1,32;62,19;21,71;4,42;62,55;0,37;0,05;2,84;50,28;5,11;38,04;0,37;0,14;3,37;44,67;4,95;34,13;0,34;0,32;2,42;40,42;4,78;29,86;0,58;0,16;0,82;34,41;4,68;26,07;0,56;0,28;7,12;27,8;4,38;21,62;0,07;0,65;73,7;18,49;4,32;73,75;0,17;0,77;0,46;43,17;5,15;34,21;0,34;1,66;0,87;35,31;4,93;28,07;0,74;3,08;1,05;29,71;4,75;23,96;0,87;3,2;1,24;26,09;4,62;21,32;0,78;2,43;1,57;24;4,55;19,44;0,62;1,37
101,57;41,44;5,02;102,19;0,36;0,54;69,37;152,65;6,14;157,28;0,47;0,07;106,49;179,28;6,30;199,19;0,23;0,71;139,17;183,16;6,33;218,98;0,15;0,68;165,58;179,09;6,29;225,80;0,22;0,66;185,27;178,63;6,28;227,76;0,24;0,64;94,68;40,46;5,00;95,25;0,27;0,70;63,00;132,57;6,11;133,82;0,47;0,13;99,38;166,14;6,28;183,35;0,21;0,83;131,35;179,19;6,36;214,95;0,00;0,96;159,47;179,65;6,34;230,50;0,20;0,85;184,76;175,63;6,30;244,05;0,41;0,54;118,16;19,55;4,36;118,17;0,44;1,82;7,69;54,61;5,28;43,50;1,13;5,73;16,91;60,63;5,22;48,12;1,60;7,15;28,33;69,45;5,26;57,04;1,69;4,70;40,91;77,83;5,34;67,19;1,62;2,90;54,01;84,56;5,43;77,77;1,48;1,87
104,29;32,92;4,83;104,63;0,42;0,48;45,38;95,74;5,77;91,52;0,14;0,93;81,27;105,17;5,85;118,15;0,44;0,12;118,93;113,09;5,92;143,27;0,24;0,01;154,91;117,93;5,95;175,12;0,17;0,30;188,24;123,92;5,96;204,20;0,32;0,71;92,11;37,11;4,95;92,46;0,17;0,07;63,56;108,53;5,92;114,25;0,25;0,19;106,33;116,04;5,95;140,37;0,33;0,24;145,84;116,11;5,98;166,69;0,14;0,19;182,52;118,06;5,99;198,81;0,16;0,08;216,87;125,20;5,99;233,91;0,54;0,03;80,15;28,50;4,76;80,29;0,02;0,04;3,33;67,12;5,58;52,55;0,48;4,48;6,22;58,48;5,38;44,09;0,75;9,33;9,97;58,67;5,29;43,28;0,57;10,26;14,54;62,60;5,27;46,68;0,03;8,68;20,19;69,29;5,31;52,17;0,98;10,26
82,96;33,60;4,87;84,28;0,34;1,06;3,35;72,22;5,56;55,41;0,50;1,93;4,26;66,27;5,46;52,36;0,39;0,22;3,98;65,19;5,43;52,79;0,33;0,80;0,08;61,81;5,35;49,83;0,20;0,97;0,31;54,96;5,28;43,71;0,22;0,91;77,67;33,89;4,81;79,84;0,78;2,46;7,04;76,43;5,56;61,53;0,27;0,86;8,18;57,66;5,29;50,23;0,08;0,17;7,18;50,34;5,13;40,06;0,67;1,65;3,78;41,92;4,90;31,62;0,70;2,41;3,00;37,04;4,75;24,73;1,10;3,49;86,60;23,53;4,56;86,68;0,34;0,49;0,56;48,32;5,27;36,90;0,10;1,01;0,60;37,03;4,98;27,45;0,35;2,72;0,60;31,11;4,79;22,41;0,68;3,45;0,30;27,80;4,67;19,36;0,90;3,22;0,32;25,97;4,59;17,44;1,03;2,90
123,42;52,45;5,28;124,02;0,39;0,60;27,64;116,32;6,07;104,26;0,13;0,02;46,44;135,76;6,21;132,19;0,13;0,48;61,02;152,53;6,30;156,56;0,05;0,64;70,16;166,22;6,38;172,01;0,10;0,66;74,49;175,00;6,42;177,76;0,30;0,57;113,46;55,05;5,34;114,93;0,15;0,66;24,67;130,53;6,16;117,69;0,26;0,02;40,98;152,78;6,30;144,80;0,17;0,48;59,12;169,57;6,37;168,68;0,01;0,60;75,70;180,36;6,40;187,78;0,19;0,46;88,82;190,31;6,44;198,56;0,41;0,39;114,32;31,24;4,85;114,37;0,01;0,73;5,57;79,45;5,76;63,01;0,05;1,59;8,59;76,43;5,69;60,12;0,03;2,85;10,45;73,83;5,63;57,45;0,38;4,44;11,71;70,75;5,57;55,44;0,67;4,90;13,03;66,23;5,51;52,86;0,63;3,43
78,77;44,11;5,15;81,82;0,00;0,18;3,24;98,85;5,88;79,26;0,06;0,00;1,19;97,17;5,81;83,33;0,29;0,32;2,78;101,68;5,83;83,96;0,19;0,61;10,14;99,77;5,79;83,82;0,18;0,79;9,83;89,34;5,72;74,82;0,11;0,88;52,08;46,26;5,17;63,91;0,11;0,01;9,54;96,68;5,79;87,75;0,35;0,04;9,63;96,13;5,71;88,60;0,25;0,58;10,36;99,53;5,77;89,35;0,04;0,81;7,82;101,35;5,71;83,78;0,24;0,59;7,02;98,56;5,69;82,04;0,31;0,42;62,21;40,51;5,11;67,33;0,03;0,40;0,61;87,70;5,86;69,55;0,26;1,58;1,10;59,33;5,46;46,19;0,42;3,42;1,32;44,75;5,18;34,55;0,26;3,19;1,83;35,93;4,96;28,01;0,12;2,27;2,15;30,24;4,80;23,85;0,02;1,38
217,92;34,18;4,86;217,92;0,04;0,06;2,65;80,85;5,63;70,32;0,26;0,04;0,07;89,71;5,69;85,35;0,37;0,57;17,01;82,24;5,54;71,66;0,65;0,27;19,66;79,38;5,55;61,18;0,43;0,36;33,30;68,46;5,42;46,52;0,33;0,14;214,69;55,87;5,28;214,69;0,89;0,63;6,65;120,64;5,97;93,33;0,48;0,45;4,92;140,08;6,02;101,20;1,06;1,96;6,68;148,61;6,04;99,22;1,02;1,64;6,64;153,32;6,06;98,33;0,90;0,67;15,16;164,54;6,00;100,95;0,83;0,12;120,55;18,66;4,33;120,55;0,25;1,43;0,33;46,28;5,20;36,23;0,64;2,76;0,38;37,12;4,94;29,04;1,12;5,92;0,37;31,46;4,76;24,61;1,30;6,87;0,33;26,99;4,62;21,75;1,16;5,79;0,12;23,48;4,49;19,71;1,11;4,31
116,56;28,50;4,68;116,72;0,97;1,80;48,92;101,43;5,84;95,62;0,98;1,07;78,30;115,56;5,99;119,17;0,65;0,11;103,64;127,85;6,15;147,90;0,26;0,59;124,52;141,31;6,24;173,08;0,03;0,76;141,47;152,78;6,30;192,65;0,05;0,77;113,59;29,71;4,67;113,89;1,19;2,18;52,89;101,20;5,85;99,18;0,66;0,63;86,14;114,76;5,93;122,79;0,55;0,17;116,35;125,66;6,06;149,90;0,30;0,58;141,21;138,89;6,18;175,00;0,06;0,24;160,38;154,60;6,29;201,86;0,37;0,29;96,18;22,66;4,53;96,19;0,05;0,44;3,84;66,72;5,43;47,30;1,66;56,94;7,18;73,18;5,18;41,76;4,76;107,16;10,36;83,52;5,04;41,91;5,35;87,80;12,84;93,38;5,00;45,25;5,07;63,59;14,82;102,68;5,03;49,85;4,59;46,99
106,40;47,44;5,15;109,05;0,38;0,22;9,25;115,62;5,88;95,95;0,23;0,22;7,96;117,23;5,81;108,28;0,13;0,55;4,71;119,64;5,79;112,39;0,14;0,92;0,66;116,45;5,76;103,49;0,03;1,04;21,38;108,76;5,63;81,33;0,03;0,95;118,26;42,88;5,04;118,72;0,11;0,43;7,86;88,78;5,64;79,79;0,23;0,46;7,64;103,92;5,60;100,76;0,44;1,02;13,17;119,75;5,72;106,82;0,22;1,29;18,66;124,51;5,80;101,00;0,05;1,31;42,30;118,77;5,64;84,19;0,09;1,29;99,54;23,46;4,56;99,62;0,22;0,66;0,46;54,64;5,39;42,38;0,30;1,20;0,80;38,95;5,04;29,73;0,58;2,50;0,98;31,05;4,80;23,08;0,66;2,88;1,14;26,27;4,63;19,43;0,63;2,64;1,08;22,70;4,49;16,80;0,60;2,25
140,99;31,63;4,81;140,99;0,24;0,54;3,20;69,50;5,54;55,94;0,15;0,06;4,02;48,96;5,22;40,15;0,02;0,02;4,38;38,16;4,98;29,96;0,12;0,53;3,42;31,56;4,74;23,23;0,25;1,22;3,82;29,75;4,63;21,66;0,52;1,47;140,78;41,25;4,86;144,73;1,99;6,81;6,10;83,60;5,55;56,05;1,44;6,50;12,67;59,10;5,29;45,67;1,07;5,06;12,32;54,22;5,20;41,12;1,27;4,24;12,68;45,52;5,05;38,56;1,01;2,45;12,20;40,96;4,91;33,56;1,21;2,45;111,70;28,86;4,77;111,80;0,10;0,56;0,06;63,07;5,54;49,49;0,01;0,95;0,50;41,17;5,11;32,82;0,22;1,21;0,55;30,28;4,80;24,14;0,23;1,61;0,97;23,79;4,56;19,32;0,37;1,19;1,16;20,29;4,39;16,49;0,38;1,38
84,83;37,60;5,01;86,12;0,11;0,34;2,89;80,00;5,71;64,91;0,15;0,49;1,97;65,74;5,52;53,34;0,08;0,26;3,13;63,41;5,47;52,33;0,05;0,70;7,03;61,50;5,44;49,16;0,09;0,83;6,42;57,46;5,38;43,97;0,06;0,72;78,36;40,29;5,01;82,65;0,65;1,77;7,49;91,14;5,75;70,64;0,50;1,65;9,61;71,04;5,51;61,49;0,09;0,23;9,68;62,04;5,38;53,96;0,23;0,06;10,29;54,59;5,22;48,53;0,28;0,34;9,25;50,93;5,15;43,99;0,38;0,28;77,62;33,22;4,91;78,61;0,05;0,47;0,14;70,49;5,66;55,94;0,02;0,26;0,48;45,36;5,22;35,97;0,13;0,52;0,44;32,52;4,88;25,40;0,15;0,99;0,67;24,98;4,61;19,74;0,38;1,39;0,68;20,79;4,41;16,77;0,52;2,14
143,46;63,23;5,44;144,10;0,27;0,92;76,50;173,02;6,40;171,83;0,13;0,30;120,46;221,41;6,61;235,66;0,09;0,64;156,67;238,52;6,68;270,95;0,28;0,63;185,38;237,08;6,64;283,59;0,41;0,42;207,63;230,41;6,62;291,85;0,51;0,27;149,79;52,68;5,29;150,33;0,60;0,14;78,24;163,54;6,37;165,60;0,20;0,33;125,74;208,21;6,59;223,43;0,01;0,43;166,83;230,93;6,68;268,15;0,21;0,43;200,21;246,01;6,73;298,18;0,24;0,48;225,22;253,71;6,75;316,21;0,12;0,45;94,04;51,15;5,28;95,89;0,05;0,71;16,34;90,02;5,84;72,55;0,68;6,03;22,81;109,33;5,89;80,21;1,34;15,34;31,02;135,14;6,04;96,13;1,93;16,56;42,21;163,55;6,19;116,01;2,27;14,16;56,65;195,35;6,33;141,34;2,37;11,06
84,63;41,17;5,10;87,05;0,09;0,02;2,56;88,35;5,81;69,45;0,17;0,02;2,98;71,91;5,60;56,43;0,26;0,19;1,99;65,72;5,52;52,00;0,22;0,04;1,52;66,04;5,52;53,79;0,05;0,56;2,80;65,93;5,50;54,54;0,06;0,74;84,46;46,00;5,16;88,96;0,37;0,34;5,01;96,07;5,83;76,82;0,28;0,64;9,00;73,11;5,57;59,39;0,14;0,10;7,91;69,41;5,52;57,56;0,31;0,45;5,77;61,38;5,39;49,50;0,27;0,20;4,53;57,35;5,30;43,11;0,37;0,38;92,33;40,27;5,11;93,67;0,01;0,19;0,09;84,17;5,84;66,95;0,01;0,08;0,12;56,87;5,45;44,96;0,04;0,61;0,05;42,96;5,16;33,87;0,14;1,09;0,13;34,76;4,94;27,83;0,31;1,28;0,21;29,59;4,77;24,12;0,47;1,42
89,08;32,17;4,80;89,88;0,44;0,33;63,43;110,38;5,91;113,83;0,56;0,11;98,03;127,44;6,08;145,80;0,26;0,39;131,35;140,98;6,14;175,49;0,13;0,62;163,35;147,17;6,19;197,42;0,13;0,66;193,71;145,71;6,17;216,81;0,16;0,52;78,00;30,13;4,76;78,75;0,31;0,06;56,17;97,34;5,78;99,28;0,73;0,33;86,21;113,46;5,90;126,33;0,63;0,28;114,48;125,40;6,01;153,41;0,40;0,75;141,84;135,34;6,06;178,08;0,17;0,95;168,28;143,89;6,15;204,32;0,02;0,94;79,28;28,38;4,76;79,45;0,10;0,21;8,32;72,42;5,64;58,91;0,21;3,02;13,39;69,80;5,56;57,18;0,41;4,34;19,06;71,08;5,52;59,14;0,60;4,55;25,10;74,75;5,51;64,12;0,84;3,81;31,57;81,62;5,55;69,45;1,30;4,94
196,56;60,08;5,23;197,19;1,34;1,52;93,95;171,19;6,27;166,63;0,87;0,53;143,16;198,78;6,48;215,25;0,30;0,33;186,08;223,87;6,60;266,97;0,15;0,47;224,46;246,12;6,66;308,84;0,39;0,34;258,09;264,47;6,70;341,88;0,58;0,09;183,78;59,36;5,32;184,54;0,97;0,51;101,17;174,31;6,31;178,30;0,70;0,20;152,38;203,72;6,49;235,10;0,26;0,51;198,85;227,22;6,59;279,55;0,07;0,82;241,17;242,50;6,65;324,98;0,03;0,94;279,55;254,40;6,68;362,67;0,18;0,95;104,15;28,30;4,73;104,28;0,12;1,33;10,58;99,53;5,65;64,22;5,45;62,16;17,18;114,89;5,54;65,79;6,10;60,54;21,49;119,60;5,52;69,21;4,85;41,90;24,14;119,96;5,56;73,75;3,54;27,35;26,21;121,65;5,61;76,27;2,73;19,70
128,17;21,71;4,45;128,17;0,35;0,31;4,32;45,37;5,09;34,09;0,23;0,63;4,6;41,47;4,95;29,75;0,73;0,62;5,47;36,67;4,73;26,71;1,14;0,85;4,94;35,1;4,64;26,19;1,07;0,33;0,75;34,6;4,57;26,87;0,63;0,74;132,7;20,27;4,4;132,7;0,13;0,34;4,2;44,51;5,14;35,95;0,2;0,18;5,41;37,56;4,97;30,53;0,31;0,41;8,65;32,96;4,82;28,13;0,13;0,51;7,6;29,94;4,72;25,67;0,03;0,56;8,35;26,97;4,57;22,75;0,28;0,25;105,54;20,17;4,4;105,54;0,1;1,27;0,13;47,89;5,26;36,77;0,06;1,61;0,04;41,38;5,06;30,6;0,34;3,95;0,16;37,29;4,9;27;0,61;5,46;0,26;34,01;4,79;24,14;0,68;6,03;0,33;31,87;4,72;22,13;0,62;5,67
66,13;35,44;4,68;71,88;1,12;2;27,22;75,53;5,06;70,2;0,02;0,05;25,19;69,5;5,01;64,59;0,09;0,02;30,29;44,05;4,47;49,2;0,41;0,52;21,31;36,73;4,31;40,04;0,66;0,64;27,24;19,35;3,02;31,82;1,79;3,41;89,94;24,37;4,56;90,22;0,52;2,23;1,01;54,34;5,35;42,15;0,18;0,06;0,01;45,3;5,16;33,66;0,33;0,12;2,98;43,59;5,1;29,97;0,49;0,21;3,15;43,16;5,07;30,44;0,49;0,53;5,07;40,18;4,98;27,4;0,46;0,62;60,58;22,7;4,53;61;0,05;0,51;0,23;56,21;5,43;44,45;0,03;0,54;0,43;40,55;5,11;31,95;0,01;0,53;0,71;31,15;4,84;24,07;0,02;0,74;0,76;25,24;4,63;19,28;0,05;0,94;0,83;21,36;4,46;16,4;0;0,96
96,45;43,64;5,08;99,39;0,54;1,71;9,77;96,48;5,81;79,07;0,09;0;8,04;86,72;5,66;67,2;0,15;0,21;6,59;72,13;5,48;58,43;0,3;0,76;3,53;58,31;5,25;48,84;0,27;0,97;4,2;47,9;5,09;41,08;0,19;0,69;109,82;39,87;5,01;110,49;0,16;0,62;3,67;86,78;5,62;70,36;0,32;0,99;7,14;74,55;5,42;58,36;0,54;0,63;10,83;66,46;5,36;49,57;0,3;0,24;26,52;55,63;5,07;35,63;0,25;0,55;24,49;48,99;4,98;26,41;0,1;0,81;79,55;41,59;5,14;82,36;0,01;0,08;0;84,08;5,83;66,92;0,03;0,12;0,13;53,72;5,39;42,92;0,01;0,06;0,31;40,27;5,1;32,45;0,03;0,11;0,56;32,5;4,89;26,71;0,05;0,24;0,74;27,42;4,72;22,35;0,01;0,05
98,49;19,89;4,37;98,49;0,1;0,18;0,97;46,75;5,17;37,8;0,07;0,1;4,53;38,48;4,98;33,02;0,08;0,07;5,19;32,44;4,82;27,31;0,09;0,29;8,27;27,7;4,62;25,67;0,26;0,07;7,55;22,72;4,44;21,03;0,28;0,08;93;22,17;4,45;93,38;0,65;2,5;0,42;45,65;5,13;36,61;0,16;1,78;5;37,6;4,94;31,81;0,18;0,87;6,06;36,64;4,91;31,35;0,13;0,54;10,27;33,42;4,83;31,03;0,19;0,54;9,98;30,67;4,71;27,96;0,41;0,57;79,3;20,77;4,44;79,36;0,18;0,43;0,15;45,64;5,22;35,34;0,09;0,94;0,22;37,07;4,99;27,6;0,42;2,33;0,3;32,82;4,83;23,69;0,6;4,1;0,21;30,67;4,72;21,47;0,58;5,66;0,22;28,73;4,63;19,68;0,51;6,35
147,34;29;4,64;147,74;1,37;4,64;1,62;57,23;5,35;46,26;0,04;0,53;0,62;60,01;5,38;45,56;0,38;0,15;1,13;65,64;5,43;46,07;0,56;0,21;0,44;66,23;5,41;46,64;0,66;0,29;0,4;65,89;5,31;47,5;0,69;0,52;151,02;27,69;4,65;151,02;0,78;1,77;2,63;55,55;5,32;41,81;0,49;1,5;2,13;57,16;5,35;42,53;0,54;0,17;0,81;58,58;5,32;41,5;0,5;0,55;1,01;59,47;5,26;41,08;0,62;0,68;2,64;60,69;5,2;42,63;0,61;0,82;106,8;20,67;4,42;106,82;0,19;1,75;0,07;51,22;5,3;38,92;0,35;3,01;0,1;41,45;5,03;29,75;0,84;6,74;0,1;35,39;4,8;24,73;1,32;10,47;0,29;31,42;4,63;21,89;1,39;11,33;0,41;28,14;4,51;20,48;1,57;9,95
130,6;38,38;4,94;131,02;0,41;0,14;5,42;91,17;5,76;75,94;0,25;0,28;0,13;101,32;5,83;88,13;0,07;0,75;2,88;108,31;5,87;90,05;0,05;0,87;10,94;112,39;5,86;90,69;0,14;0,76;11;106,08;5,84;80,39;0,03;0,59;113,06;38,33;4,88;113,95;0,01;0,82;2,96;100,29;5,75;92,94;0,5;0,27;6,97;103,78;5,7;97,01;0,67;0,14;7,45;99,94;5,72;93,02;0,49;0,54;15,1;91,87;5,62;79,34;0,39;0,48;14,8;84,19;5,52;65,58;0,25;0,53;117,95;13,87;3,97;117,95;0,54;3,54;0,29;36,33;4,87;28,53;0,98;4,21;0,25;30,75;4,71;24,83;1,13;3,24;0,38;25,95;4,56;22;1,01;2,32;0,6;21,82;4,41;18,31;0,94;1,64;0,64;18,44;4,26;15,81;0,73;0,8
91,82;24,49;4,56;91,82;0,25;0,41;0,72;50,34;5,23;40,6;0,15;0,2;4,14;55,62;5,27;47,28;0,54;0,77;5,55;61,8;5,36;51,83;0,59;0,83;7,02;65,04;5,38;54,77;0,6;0,64;11,7;68,39;5,43;58,56;0,48;0,13;81,68;20,14;4,38;81,68;0,17;0,17;1,45;41,97;5,04;34;0,31;0,34;1,98;43,18;5,04;37,66;0,34;0,11;2,38;46,35;5,1;41,85;0,26;0,43;2,42;45,64;5,09;38,9;0,21;0,61;1,11;41,43;4,96;36,12;0,12;0,85;50,1;21,11;4,46;50,57;0,08;0,14;0,02;49,03;5,3;39,32;0,09;0,33;0,08;39,21;5,07;30,9;0,08;0,63;0,28;33,24;4,91;26,26;0,04;0,66;0,47;29,57;4,79;23,09;0,15;0,63;0,63;27,07;4,7;21,27;0,14;0,58
159,46;27,73;4,67;159,46;0,16;0,95;0,93;57,19;5,33;45,21;0,07;0,33;9,7;55,53;5,3;52,31;0,3;0,53;11,69;59,85;5,33;60,51;0,38;0,69;21,32;61;5,27;65,33;0,19;1;20,09;60,52;5,28;64,48;0,09;1,02;147,82;43,12;4,75;152,28;2,61;12,38;6,97;78,15;5,48;58,78;1,07;8,27;14,93;68,72;5,38;58,86;0,16;1,9;14,69;71,76;5,42;68,66;0,01;1,31;16,81;61,52;5,26;61,39;0,18;0,07;14,6;57,65;5,2;54,69;0,01;0,22;53,13;23,22;4,53;53,41;0,61;1,52;0,15;54,58;5,37;43,8;0,68;1,94;0,01;49,45;5,2;39,66;1,34;4,6;0,1;45,84;5,06;38,21;1,86;7,1;0,16;44,1;5;37,84;2,06;8,18;0,27;42,17;4,96;36,74;2;7,8
143,13;29,75;4,53;143,13;0,66;0,82;3,39;65,57;5,37;46,01;0,78;0,55;3,86;88,34;5,56;67,61;0,63;0,68;10,95;96,19;5,59;70,98;0,39;1,14;16,36;95,7;5,62;66,82;0,36;1,1;34,54;89,47;5,61;54,7;0,21;0,95;140,97;30,11;4,53;140,97;0,97;0,15;1,59;59,54;5,31;39,25;0,19;0,87;2,52;79,73;5,56;56,99;0,41;0,39;7,67;96,44;5,64;64,63;0,58;0,8;12,09;101,83;5,61;63,21;0,74;0,65;29,65;98,99;5,63;53,79;0,59;0,85;123,13;15,72;4;123,13;0,31;5,8;0,04;40,92;4,97;28,24;0,41;5,96;0,09;41,85;4,9;27,15;0,65;9,4;0,57;41,07;4,83;27,82;0,67;8,82;0,87;39,1;4,79;26,79;0,77;7,83;1,79;38,55;4,77;27,27;1;7,14
73,4;21,75;4,41;73,57;0,53;4,95;0,74;56,73;5,26;40,79;1,02;9,27;2,02;50,43;5,1;33,88;1,06;8;1,78;42,16;4,91;28,27;0,88;6,09;0,25;34,21;4,73;25,1;0,76;5,02;1,05;27,37;4,53;20,71;0,47;3,82;75,54;21,66;4,46;75,82;0,26;1,2;0,87;51,95;5,27;39,7;0,59;3,24;2,56;43,4;5,09;32,39;0,5;2,28;2,89;37,95;4,97;27,1;0,12;1,41;4,49;33,25;4,83;24,09;0,07;1,01;4,5;28,58;4,7;20,39;0,01;1,09;73,11;21,36;4,48;73,19;0,01;0,32;0,24;50,36;5,33;40,21;0,04;0,29;0,18;35,33;4,97;28,39;0,22;0,53;0,34;26,62;4,68;21,22;0,33;0,98;0,38;21,39;4,46;17,1;0,41;1,22;0,48;17,91;4,29;14,47;0,4;1
113,12;26,59;4,56;113,83;0,7;6,03;0,05;53,41;5,27;44,77;0,1;0,43;3,33;55,65;5,27;52,23;0,51;0,27;4,54;59,65;5,31;58,13;0,8;0,21;12,76;62,07;5,32;60,45;0,77;0,32;15,94;60,85;5,3;58,66;0,8;0,52;114,49;32,24;4,75;115,26;0,16;2,74;0,26;53,76;5,26;42,38;0,35;1,03;0,28;53,38;5,18;47,4;1,07;2,05;0,38;63,34;5,26;69,37;1,2;1,44;5,38;68,1;5,29;73,66;1,02;0,43;8,15;73,9;5,33;80,24;1,03;0,34;70,11;17,76;4,28;70,18;0,03;0,94;0,01;38,02;5,05;29,96;0,05;0,19;0,15;27,38;4,72;21,52;0,08;0,35;0,1;22,11;4,48;17,33;0,44;1,42;0,18;19,63;4,32;15,4;0,97;3,43;0,12;18,28;4,21;14,37;1,35;5,45
80,74;18,52;4,29;80,83;0,17;0,93;0,55;42,99;5,09;33,36;0,21;0,48;1,53;34,86;4,88;25,92;0,31;0,12;1,75;29,24;4,71;21,35;0,32;0,06;4,01;26,17;4,61;17,68;0,28;0,24;3,95;25,36;4,54;17,93;0,25;0,51;77,32;24,7;4,35;79,32;2,58;14,07;4,57;48,77;5,18;38,83;0,38;2,72;7,29;40,33;5,01;36,64;0,23;0,26;6,93;35,83;4,9;32,68;0,09;0,09;6,72;29,66;4,71;27,87;0,11;0,46;6,03;24,69;4,54;23,66;0,14;0,22;90,41;18,19;4,31;90,42;0,12;0,51;0,14;42,76;5,15;33;0,11;1,01;0,13;35,77;4,95;27,03;0,14;2,62;0,13;31,18;4,76;22,29;0,63;6,64;0,09;28,3;4,63;19,64;0,78;9,35;0,15;26,02;4,55;17,92;0,38;7,55
67,38;34,1;4,85;71,74;0,68;0,61;1,65;80,99;5,63;60,6;0,41;0,88;1,37;82,39;5,55;54,49;0,92;1,57;4,97;81,71;5,42;49,3;1,44;2,66;17,47;66,17;5,17;47,82;1,76;4,47;19,23;57,78;4,98;45,51;1,84;4,3;64,58;30,86;4,7;66,8;0,86;3,35;3,14;70,97;5,47;55,32;0,37;1,72;2,01;60,39;5,32;46,87;0,36;0,02;1,23;61,15;5,28;42,8;0,77;0,08;3,16;65,89;5,23;42,79;0,88;0,1;4,63;65,53;5,23;43,66;0,77;0,05;96,46;21,98;4,5;96,46;0,13;0,54;0,52;48,38;5,27;37,65;0,17;1,18;0,71;36,97;5,01;29,38;0,23;1;1,16;29,89;4,8;24,4;0,21;0,7;1,31;25,39;4,64;20,91;0,24;0,74;1,48;22,91;4,53;18,81;0,24;0,74
146,95;44,66;4,94;150,8;1,84;7,17;4,7;100,07;5,78;90,89;0,42;0,74;1,89;113,17;5,91;102,35;0,09;0,66;2,45;109,01;5,82;97,71;0,14;1,1;0,7;93,84;5,72;83;0,04;1,08;2,98;75,35;5,5;64,53;0,09;0,93;138,51;35,84;4,87;138,59;0,05;0,83;8,36;80,26;5,6;65,43;0,07;0,53;13,83;97,42;5,68;86,99;0,28;1,12;38,38;97,09;5,52;80,36;0,57;0,88;38,74;94,24;5,58;70,73;0,38;0,92;56,48;82,05;5,39;58,95;0,49;0,33;126,14;25,05;4,5;126,36;0,46;6,72;0;56,63;5,36;42,25;0,45;5,12;0,43;56,71;5,27;39,95;0,99;7,74;0,24;55,57;5,21;39,74;1,5;8,29;0,65;53,93;5,16;38,67;1,63;8,7;0,55;51,34;5,1;38,65;1,83;8,52
92,96;31,99;4,77;93,88;0,54;1,38;3,9;67,45;5,47;55,33;0,25;0,4;6,62;69,84;5,42;59,58;0,17;0,75;8,08;69,46;5,38;61,56;0,11;0,65;18,77;66,26;5,27;62,89;0,17;0,9;20,1;61;5,18;60,13;0,18;0,95;97,52;30,63;4,75;98,34;0,71;1,75;1,88;62,43;5,41;48,34;0,12;0,67;1,16;56,97;5,32;42,28;0,26;0,22;1,12;55,27;5,25;39,56;0,49;0,5;2,07;57,27;5,22;39,81;0,57;0,66;1,8;60,26;5,23;42,69;0,63;0,62;86,26;21,56;4,48;86,33;0,01;0,7;0,02;48,69;5,28;37,73;0,06;1,51;0,09;36,86;4,98;28,21;0,2;2,34;0,21;29,49;4,75;22,56;0,27;2,95;0,5;24,34;4,54;18,35;0,3;3,47;0,68;20,92;4,38;15,58;0,11;3,86
129,55;41,26;4,97;129,94;0,62;0,03;10,67;94,45;5,57;71,21;0,66;0,37;3,37;107,05;5,4;79,89;0,48;0,63;9,39;115,61;5,47;82,95;0,44;0,85;15,34;114,67;5,51;74,35;0,41;0,67;37,13;107,65;5,04;63,88;0,15;0,74;116,51;44,34;5,02;117,37;0,5;0,52;10,39;101,45;5,71;81,05;0,35;0,27;13,85;115,33;5,55;103,61;0,27;1,07;10,77;124,97;5,65;105,96;0,31;1,06;6,01;121,82;5,64;95,22;0,4;0,76;21,29;118,01;5,24;78,17;0,33;1,03;76,55;22,05;4,5;76,58;0,07;0,14;0,85;52,47;5,34;41,44;0,06;0,53;0,42;40,18;5,08;31,73;0,04;0,43;0,61;35,62;4,96;29,62;0,02;0,22;0,85;33,2;4,89;28,06;0,06;0,1;1,1;31,81;4,84;26,22;0,06;0,36
136,66;27,75;4,6;136,66;0,72;0,08;3,29;50,43;5,27;40,42;0,33;0,89;3,05;58,88;5,41;46;0,31;0,28;2,61;70,91;5,55;52,88;0,47;0,48;1,26;80,17;5,59;58,08;0,54;0,7;6,28;85,76;5,57;57,73;0,57;0,89;140,21;27,5;4,48;140,21;1,09;0,63;1,59;48,06;5,19;33,73;0,6;2,05;4,23;56,09;5,26;37,57;0,91;1,3;5,35;68,21;5,38;43,88;1,16;1,1;6,01;75,89;5,45;50,08;1,21;0,91;6,72;76,73;5,45;50,38;1,22;0,98;88,51;12,72;3,94;88,53;0,4;2,08;0,82;35,15;4,96;27,78;0,05;1,01;0,95;30,55;4,82;24,31;0,1;1,12;1,32;26,94;4,68;21,25;0,03;1,65;1,61;24,36;4,58;19,28;0,06;1,82;1,27;22,17;4,49;17,64;0,11;1,64
76,44;28,93;4,61;78,29;1,65;7,66;3,47;58,87;5,34;46,45;0,23;2,4;0,96;58,1;5,35;47,79;0,02;0,22;0,07;59,83;5,37;46,9;0,28;0,66;2,62;59,4;5,26;43,81;0,38;0,85;1,23;56,26;5,24;43,69;0,31;0,96;71,77;28,34;4,64;73,17;1,15;4,56;4,91;55,51;5,3;44,12;0,16;2,21;2,62;60,76;5,38;48,85;0,08;0,6;0,93;67,31;5,48;54,74;0,22;0,76;4,74;68,2;5,45;55,16;0;0,82;4,88;63,32;5,38;51,11;0,01;0,87;54,58;19,32;4,37;54,83;0,06;0,52;0,15;40,17;5,1;31,71;0,03;0,44;0,1;30,46;4,81;23,6;0,3;1,33;0,22;26,09;4,61;19,22;0,68;3,77;0,12;23,45;4,46;16,85;1,04;6,54;0,19;22,12;4,36;15,5;1,23;8,69
89,65;19,04;4,35;89,65;0,17;0,21;1,95;42,63;5,11;33,14;0,17;0,12;1,18;39,35;5,04;30,76;0,2;0,45;2,38;39,83;5,01;30,61;0,27;0,73;7,05;40,45;5,02;29,19;0,26;0,75;7,81;40,6;4,98;27,93;0,29;0,84;90,42;19,53;4,37;90,44;0,27;0,06;0,41;39,51;5,05;31,36;0,02;0,01;3,79;41,39;5,08;30,58;0,14;0,43;5,46;45,17;5,14;31,59;0,24;0,42;9,82;47,08;5,15;29,93;0,36;0,56;10,15;46,76;5,13;30,68;0,39;0,73;78,34;15,61;4,16;78,34;0,09;0,64;0,19;34,75;4,95;27,13;0,17;1,12;0,08;26,74;4,67;20,65;0,43;1,83;0,15;22,35;4,48;17,25;0,59;2,43;0;19,97;4,35;15,86;0,72;2,77;0,04;18,69;4,28;14,9;0,77;3,08
88,81;35,89;4,89;90,41;0,54;1,39;8,09;76,83;5,56;63,2;0,23;0,45;12,98;76,36;5,47;62,24;0,26;0,39;12,08;75,68;5,46;63,96;0,24;0,63;9,49;70,44;5,39;57,89;0,23;0,57;4,28;69,06;5,25;55,85;0;0,66;98,18;39,58;4,94;100,66;0,77;1,4;9,39;82,01;5,53;68,17;0,19;0,11;20,22;77,61;5,38;72,5;0,03;0,06;19,17;72,98;5,35;62,33;0,24;0,09;15,04;68,32;5,26;57,55;0,62;0,27;5,47;64,2;5;52,63;0,59;0,61;92,58;32,08;4,86;93,23;0,4;1,53;0,28;65,76;5,55;49,91;0,62;4,74;0,41;55,88;5,36;41;0,82;6,66;0,31;49,96;5,23;35,77;0,89;6,96;0,26;46,11;5,17;33,07;0,73;4,67;1,23;42,43;5,12;31,64;0,37;1,8
108,80;49,94;5,27;109,74;0,09;0,52;62,31;129,26;6,13;125,88;0,38;0,50;99,69;157,32;6,32;171,11;0,15;0,16;136,67;180,20;6,44;211,81;0,01;0,57;170,91;193,63;6,48;244,76;0,05;0,85;201,51;202,15;6,50;269,54;0,10;0,92;109,19;50,40;5,26;110,46;0,03;0,32;80,87;143,73;6,17;149,64;0,45;0,14;125,81;168,88;6,32;195,90;0,23;0,40;168,31;185,59;6,39;231,10;0,02;0,22;206,55;190,27;6,42;255,72;0,13;0,03;240,69;186,50;6,40;279,45;0,11;0,02;82,38;37,49;5,02;82,76;0,30;0,26;3,22;89,49;5,88;71,08;0,09;1,58;3,78;76,14;5,69;58,72;0,27;3,30;5,33;72,30;5,61;54,84;0,53;4,85;7,29;71,61;5,57;53,31;0,72;5,48;9,56;71,76;5,56;53,68;0,73;5,31
81,61;34,37;4,89;82,76;0,21;0,76;2,00;75,90;5,61;60,24;0,31;2,52;4,52;50,89;5,25;40,83;0,23;0,75;4,09;38,92;5,00;32,29;0,23;0,53;2,82;31,39;4,81;26,59;0,05;0,05;2,59;27,30;4,67;22,26;0,03;0,07;76,30;33,60;4,86;78,19;0,59;2,21;2,42;67,01;5,51;52,24;0,40;1,93;2,68;47,60;5,18;37,83;0,21;1,88;2,12;42,54;5,07;35,62;0,18;1,83;0,85;38,43;4,95;33,73;0,37;0,37;1,68;36,85;4,89;34,21;0,48;0,02;68,69;32,87;4,91;70,26;0,01;0,18;0,01;68,48;5,64;54,57;0,03;0,20;0,14;45,01;5,21;35,38;0,19;0,83;0,22;33,16;4,90;25,77;0,37;1,78;0,36;26,38;4,65;20,15;0,58;2,77;0,43;22,25;4,47;17,00;0,77;3,35
108,02;40,97;4,95;108,50;0,67;0,26;89,86;150,70;6,09;154,94;0,36;0,51;159,65;200,80;6,29;233,03;0,20;0,27;218,24;221,51;6,35;289,02;0,13;0,07;258,57;213,08;6,30;314,90;0,33;0,16;283,75;183,80;6,22;315,67;0,34;0,26;128,19;45,39;5,11;128,91;0,59;0,14;81,47;147,75;6,24;155,09;0,44;0,16;132,68;182,47;6,44;210,00;0,20;0,47;179,38;189,83;6,47;247,87;0,06;0,67;222,15;191,09;6,44;284,14;0,30;0,84;261,94;197,21;6,47;312,80;0,48;0,56;112,56;21,08;4,45;112,56;0,25;0,98;4,92;56,73;5,35;44,31;2,12;22,45;14,40;78,06;5,29;51,64;7,15;101,08;28,25;112,85;5,35;67,29;7,44;82,37;44,11;145,10;5,44;84,47;6,59;57,76;60,33;169,60;5,53;100,27;5,72;41,23
138,71;39,68;5,00;139,11;0,78;1,34;35,07;113,25;5,95;96,92;0,78;6,63;57,58;118,13;6,00;108,75;0,52;3,19;81,49;117,69;6,04;124,46;0,17;0,89;105,25;114,16;6,01;139,07;0,15;0,50;127,49;112,93;6,00;156,08;0,32;0,47;131,41;40,56;5,02;131,76;0,78;0,89;54,08;120,19;6,05;117,49;0,36;0,56;82,44;130,38;6,13;140,64;0,03;0,62;103,80;144,39;6,20;157,81;0,53;1,52;120,06;158,26;6,25;175,17;0,89;1,88;133,15;166,94;6,27;191,22;1,03;1,75;108,92;30,30;4,82;108,96;0,05;0,39;3,60;76,09;5,69;58,06;0,65;5,80;7,77;64,06;5,47;48,18;0,99;8,43;12,66;61,32;5,38;46,82;0,64;8,67;17,81;61,98;5,36;48,86;0,11;7,55;22,91;63,01;5,37;52,30;0,81;7,64
117,27;28,64;4,69;117,6;0,85;2,33;3,6;60,54;5,42;45,48;0,4;0,59;2,45;65,54;5,41;46,14;1,15;2,53;1,07;70,39;5,42;46,76;1,35;3,15;4,88;72,82;5,39;45,19;1,33;2,39;6,44;68,8;5,32;40,01;1,3;1,82;115;32,15;4,7;117;1,62;7,27;4,37;65,07;5,39;47,24;1,13;8,2;4,89;59,62;5,38;50,98;0,09;0,18;4,03;61,62;5,41;51,72;0,09;0,49;0,32;60,18;5,34;47,54;0,2;0,94;1,71;58,09;5,28;43,68;0,36;0,93;91,24;20,05;4,41;91,24;0,2;0,44;0,39;42,15;5,15;33,36;0,12;0,4;0,54;33,33;4,89;26,28;0,51;1,62;0,85;29,31;4,72;22,87;0,92;2,86;0,63;27,63;4,63;21,07;1,22;4,26;0,57;26,51;4,57;19,9;1,36;5,35
126,86;45,94;5,07;127,26;0,42;0,7;7,62;119,16;5,91;97,67;0,29;0,57;8,79;138,95;5,94;105,64;0,32;0,92;14,46;139,18;5,96;97,42;0,45;0,85;33,78;123,83;5,79;77,83;0,38;0,91;31,25;103,66;5,69;66,11;0,32;0,98;139,92;49,04;5,08;141,54;0,95;1,02;7,96;109,41;5,81;82,54;0,54;0,12;4,27;135,95;5,86;99;0,53;0,46;1,52;141,86;5,86;106,04;0,59;0,5;11,76;140,57;5,64;99,43;0,57;0,55;13,12;131,78;5,55;90,89;0,63;0,37;101,85;19,9;4,38;101,98;0,24;2,6;0,19;45,73;5,2;35,46;0;2,38;0,64;34,18;4,9;27,21;0,34;3,14;0,67;27,77;4,66;21,62;0,54;5,74;1,02;24,05;4,49;18,51;1,23;7,45;1,14;21,74;4,37;16,71;1,42;9,02
93,41;36,22;4,79;97,05;1,47;4,14;8,91;71,15;5,41;54,58;1,09;3,43;28,02;56,49;5,24;55,22;0,5;1,12;31,08;60,08;5,27;57,59;0,56;1,16;31,32;61,27;5,25;57,52;0,48;1;40,36;56,25;5,14;59,42;0,14;0,32;90,4;35,71;4,82;93,83;1,22;3;6,86;64,68;5,35;46,15;1,05;3,5;17,3;48,11;5,12;44,64;0,61;0,47;18,54;51,83;5,17;46,46;0,77;0,55;18,77;56,89;5,27;48,94;0,57;0,11;22,19;54,61;5,09;49,19;0,23;0,41;79,17;24,77;4,61;79,35;0,02;0,63;0,31;58,56;5,45;45,11;0,05;1,68;0,36;45,47;5,21;35,78;0,12;0,69;0,34;36,7;5;29,06;0,11;0,64;0,35;31,56;4,83;24,51;0,09;1,3;0,79;28,84;4,72;22,3;0,55;2,23
74,54;34,57;4,85;77,91;0,56;0,94;0,97;76,22;5,55;57,19;0,51;1,75;0,4;72,37;5,45;55,22;0,01;1;0,2;77,42;5,52;55,2;0,36;0,87;2,66;69,25;5,34;49,71;0,58;1,03;3,91;69,23;5,3;46,74;0,73;1,17;72,19;31,49;4,8;74,08;0,32;0,4;3,25;63,63;5,43;52,05;0,23;0,95;2,31;65,9;5,47;56,12;0,03;0,16;1,59;69,45;5,48;58,72;0,19;0,2;2,68;72,07;5,38;67,01;0,54;0,28;4,28;76,07;5,47;70,98;0,4;0,58;78,88;25,93;4,66;79,32;0,12;0,9;0,27;53,6;5,37;41,26;0;0,96;0,06;45,68;5,2;35,08;0,15;1,44;0,26;40,28;5,07;30,64;0,24;1,7;0,1;35,98;4,96;27,41;0,34;1,76;0,31;33,63;4,88;25,31;0,34;1,78
115,73;33,29;4,81;116,2;0,26;0,66;2,07;78,69;5,56;62,1;0,15;0,09;14;82,83;5,47;63,32;0,32;0,39;13,43;85,49;5,48;62,53;0,16;0,42;11,07;83,74;5,22;66,31;0,09;0,53;6,91;79,39;5,19;64,36;0,17;0,65;126,92;31,08;4,78;127,28;0,41;0,81;2,9;74,8;5,57;60,33;0,06;0,46;3,88;79,85;5,61;59,26;0,13;0,08;6,07;84,23;5,63;63,54;0,24;0,13;14,89;85,18;5,55;59,67;0,14;0,12;15,21;81,56;5,48;56;0,1;0,35;88,4;32,05;4,85;88,73;0,34;0,27;3,3;57,07;5,44;44,8;0;0,51;4,91;46,69;5,24;38,52;0,07;0,49;6,91;40,89;5,11;34,95;0,2;0,4;6,77;39,34;5,06;33,93;0,3;0,24;7,76;41,56;5,12;37,35;0,23;0,21
92,12;27,82;4,66;93,04;0,69;2,97;2,18;63,77;5,45;48,46;0,22;1,82;0,83;51,48;5,27;40,77;0,06;0,31;0,15;42,68;5,09;34,44;0,04;0,45;0,77;35,11;4,9;29,2;0,28;0,13;0,35;30,09;4,72;26,2;0,58;0,4;88,49;26,54;4,64;89,06;0,57;1,3;2;69,18;5,56;53,96;0,31;1,01;0,6;65,22;5,49;48,57;0,51;1,28;0,14;59,8;5,4;44,18;0,56;1,36;2,64;53,76;5,28;38,08;0,71;1,61;2,65;48,05;5,16;34,22;0,82;1,86;74,22;22,32;4,51;74,45;0,22;0,81;0,56;51,75;5,35;39,95;0;0,71;0,61;43,6;5,18;34,43;0,04;0,57;0,81;39,69;5,08;30,86;0,02;0,66;0,24;36,58;5;28,46;0,11;0,73;0,36;34,2;4,92;26,28;0,35;1,25
79,85;20,82;4,4;79,91;0,09;0,16;1,32;45,57;5,11;36,43;0,17;0,34;1,41;31,07;4,74;26,08;0,15;0,37;1,14;23,03;4,46;20,19;0,17;0,6;0,61;19,26;4,23;18,35;0,22;0,99;1,36;16,66;4,04;15,01;0,08;1,09;79,75;27,25;4,51;81,75;2,05;10,23;4,74;56,99;5,3;44,42;0,32;2,8;6,94;44;5,1;35,93;0,35;0,41;6,71;39,7;4,98;30,52;0,59;0,39;4,83;38,25;4,92;28,19;0,62;0,09;3,32;36,16;4,84;25,96;0,64;0,1;79,88;21,24;4,47;79,89;0,05;0,31;0,21;45,72;5,22;36,13;0,28;1,04;0,18;36,09;4,96;28,63;0,55;2,07;0,39;30,5;4,79;24,03;0,55;2,36;0,24;26,63;4,66;20,82;0,33;1,97;0,31;23,8;4,56;18,24;0,09;1,43
103,44;25,52;4,63;103,44;0,13;0,25;1,93;64,65;5,49;53,26;0,12;0,34;1,64;64,77;5,48;54,46;0,23;0,19;5,49;66,04;5,46;56,67;0,4;0;6,53;67,48;5,47;55,39;0,44;0,23;12,28;66,55;5,4;50,08;0,39;0,28;97,65;30,39;4,75;98,8;0,81;2,01;5,98;66,9;5,54;53,98;0,05;0,35;7,14;66,41;5,53;56,46;0,05;0,05;5,31;64,65;5,5;54,98;0,02;0,4;5,13;63,89;5,48;56,16;0,01;0,72;1,17;64,86;5,48;54,53;0,05;0,84;84,59;19,17;4,35;84,62;0,09;1,21;0;50,12;5,29;39,47;0,45;2,04;0,45;40,99;5,06;30,56;0,45;3,42;1,22;35,71;4,91;26,4;0,47;3,53;1,35;32,23;4,8;24,03;0,47;3,17;1,04;30,74;4,75;22,47;0,33;2,87
38,4;19,85;4,25;40,45;1,82;9,21;0,63;49,47;5,22;37,18;0,58;4,97;3,25;43,66;5,09;33,08;0,24;3,76;3,72;42,95;5,05;31,32;0,7;4,95;4,02;41,46;5,01;30,57;0,98;4,45;5,84;38,18;4,95;31,84;0,57;1,36;46,33;19,53;4,17;48,4;2,07;8,97;2,91;48,24;5,12;36,37;0,81;5,69;5,92;36,56;4,93;30,16;0,1;0,36;6,24;33,82;4,82;26,52;0,42;0,97;6,29;32,1;4,75;24,28;0,52;1,31;7,57;26,13;4,58;21,68;0,28;0,91;51,62;17,54;4,28;51,7;0,05;0,03;0,76;49,26;5,31;39,19;0;0,22;0,92;40,63;5,12;32,59;0,01;0,19;1,55;33,84;4,93;27,07;0,02;0,2;2,09;28,79;4,77;23,33;0,01;0,15;1,98;24,72;4,62;20,31;0,06;0,08
